{"cameraMode":{"drawMode":0,"name":"Shaded","section":"Shading Mode"},"sceneLighting":false,"audioPlay":false,"sceneViewState":{"showFog":true,"showMaterialUpdate":false,"showSkybox":false,"showFlares":true,"showImageEffects":true,"showParticleSystems":true},"in2DMode":false,"pivot":{"x":-2.2190029621124269,"y":3.6103525161743166,"z":-8.366983413696289},"rotation":{"x":0.09949186444282532,"y":0.21175746619701386,"z":-0.02167290262877941,"w":0.9720218181610107},"size":22.0,"orthographic":true}